{"cameraMode":{"drawMode":0,"name":"Shaded","section":"Shading Mode"},"sceneLighting":true,"audioPlay":false,"sceneViewState":{"showFog":true,"showMaterialUpdate":true,"showSkybox":true,"showFlares":true,"showImageEffects":true,"showParticleSystems":true},"in2DMode":false,"pivot":{"x":1.635725975036621,"y":-17.64299774169922,"z":-143.9155731201172},"rotation":{"x":-0.00007629060564795509,"y":-0.9963229298591614,"z":0.08570446074008942,"w":-0.0008901589317247272},"size":85.86286926269531,"orthographic":false}